id,temps,type,number,
3,0,Peureuse,1
4,0,Peureuse,1
5,0,Peureuse,1
6,0,Peureuse,1
7,0,Peureuse,1
8,0,Peureuse,1
9,0,Peureuse,1
10,0,Peureuse,1
11,0,Peureuse,1
12,0,Peureuse,1
3,1,Peureuse,1
4,1,Peureuse,1
5,1,Peureuse,1
6,1,Peureuse,1
7,1,Peureuse,1
8,1,Peureuse,1
9,1,Peureuse,1
10,1,Peureuse,1
11,1,Peureuse,1
12,1,Peureuse,1
3,2,Peureuse,1
4,2,Peureuse,1
5,2,Peureuse,1
6,2,Peureuse,1
7,2,Peureuse,1
8,2,Peureuse,1
9,2,Peureuse,1
10,2,Peureuse,1
11,2,Peureuse,1
12,2,Peureuse,1
3,3,Peureuse,1
4,3,Peureuse,1
5,3,Peureuse,1
6,3,Peureuse,1
7,3,Peureuse,1
8,3,Peureuse,1
9,3,Peureuse,1
10,3,Peureuse,1
11,3,Peureuse,1
12,3,Peureuse,1
3,4,Peureuse,1
4,4,Peureuse,1
5,4,Peureuse,1
6,4,Peureuse,1
7,4,Peureuse,1
8,4,Peureuse,1
9,4,Peureuse,1
10,4,Peureuse,1
11,4,Peureuse,1
12,4,Peureuse,1
3,5,Peureuse,1
4,5,Peureuse,1
5,5,Peureuse,1
6,5,Peureuse,1
7,5,Peureuse,1
8,5,Peureuse,1
9,5,Peureuse,1
10,5,Peureuse,1
11,5,Peureuse,1
12,5,Peureuse,1
3,6,Peureuse,1
4,6,Peureuse,1
5,6,Peureuse,1
6,6,Peureuse,1
7,6,Peureuse,1
8,6,Peureuse,1
9,6,Peureuse,1
10,6,Peureuse,1
11,6,Peureuse,1
12,6,Peureuse,1
1,6,Gregaire,1
3,7,Peureuse,1
4,7,Peureuse,1
5,7,Peureuse,1
6,7,Peureuse,1
7,7,Peureuse,1
8,7,Peureuse,1
9,7,Peureuse,1
10,7,Peureuse,1
11,7,Peureuse,1
12,7,Peureuse,1
1,7,Gregaire,1
2,7,Kamikaze,1
3,8,Peureuse,1
4,8,Peureuse,1
5,8,Peureuse,1
6,8,Peureuse,1
7,8,Peureuse,1
8,8,Peureuse,1
9,8,Peureuse,1
10,8,Peureuse,1
11,8,Peureuse,1
12,8,Peureuse,1
1,8,Gregaire,1
2,8,Kamikaze,1
3,9,Peureuse,1
4,9,Peureuse,1
5,9,Peureuse,1
6,9,Peureuse,1
7,9,Peureuse,1
8,9,Peureuse,1
9,9,Peureuse,1
10,9,Peureuse,1
11,9,Peureuse,1
12,9,Peureuse,1
1,9,Gregaire,1
2,9,Kamikaze,1
3,10,Peureuse,1
4,10,Peureuse,1
5,10,Peureuse,1
6,10,Peureuse,1
7,10,Peureuse,1
8,10,Peureuse,1
9,10,Peureuse,1
10,10,Peureuse,1
11,10,Peureuse,1
12,10,Peureuse,1
1,10,Gregaire,1
2,10,Kamikaze,1
3,11,Peureuse,1
4,11,Peureuse,1
5,11,Peureuse,1
6,11,Peureuse,1
7,11,Peureuse,1
8,11,Peureuse,1
9,11,Peureuse,1
10,11,Peureuse,1
11,11,Peureuse,1
12,11,Peureuse,1
1,11,Gregaire,1
2,11,Gregaire,1
3,12,Peureuse,1
4,12,Peureuse,1
5,12,Peureuse,1
6,12,Peureuse,1
7,12,Peureuse,1
8,12,Peureuse,1
9,12,Peureuse,1
10,12,Peureuse,1
11,12,Peureuse,1
12,12,Peureuse,1
1,12,Gregaire,1
2,12,Gregaire,1
3,13,Peureuse,1
4,13,Peureuse,1
5,13,Peureuse,1
6,13,Peureuse,1
7,13,Peureuse,1
8,13,Peureuse,1
9,13,Peureuse,1
10,13,Peureuse,1
11,13,Peureuse,1
12,13,Peureuse,1
1,13,Gregaire,1
2,13,Gregaire,1
3,14,Peureuse,1
4,14,Peureuse,1
5,14,Peureuse,1
6,14,Peureuse,1
7,14,Peureuse,1
8,14,Peureuse,1
9,14,Peureuse,1
10,14,Peureuse,1
11,14,Peureuse,1
12,14,Peureuse,1
1,14,Gregaire,1
2,14,Gregaire,1
3,14,Peureuse,1
3,15,Peureuse,1
4,15,Peureuse,1
5,15,Peureuse,1
6,15,Peureuse,1
7,15,Peureuse,1
8,15,Peureuse,1
9,15,Peureuse,1
10,15,Peureuse,1
11,15,Peureuse,1
12,15,Peureuse,1
1,15,Gregaire,1
2,15,Gregaire,1
3,15,Peureuse,1
3,16,Peureuse,1
4,16,Peureuse,1
5,16,Peureuse,1
6,16,Peureuse,1
7,16,Peureuse,1
8,16,Peureuse,1
9,16,Peureuse,1
10,16,Peureuse,1
11,16,Peureuse,1
12,16,Peureuse,1
1,16,Gregaire,1
2,16,Gregaire,1
3,16,Peureuse,1
3,17,Peureuse,1
4,17,Peureuse,1
5,17,Peureuse,1
6,17,Peureuse,1
7,17,Peureuse,1
8,17,Peureuse,1
9,17,Peureuse,1
10,17,Peureuse,1
11,17,Peureuse,1
12,17,Peureuse,1
1,17,Gregaire,1
2,17,Gregaire,1
3,17,Peureuse,1
4,17,Kamikaze,1
3,18,Peureuse,1
4,18,Peureuse,1
5,18,Peureuse,1
6,18,Peureuse,1
7,18,Peureuse,1
8,18,Peureuse,1
9,18,Peureuse,1
10,18,Peureuse,1
11,18,Peureuse,1
12,18,Peureuse,1
1,18,Gregaire,1
2,18,Gregaire,1
3,18,Peureuse,1
4,18,Kamikaze,1
3,19,Peureuse,1
4,19,Peureuse,1
5,19,Peureuse,1
6,19,Peureuse,1
7,19,Peureuse,1
8,19,Peureuse,1
9,19,Peureuse,1
10,19,Peureuse,1
11,19,Peureuse,1
12,19,Peureuse,1
1,19,Gregaire,1
2,19,Gregaire,1
3,19,Peureuse,1
4,19,Kamikaze,1
3,20,Peureuse,1
4,20,Peureuse,1
5,20,Peureuse,1
6,20,Peureuse,1
7,20,Peureuse,1
8,20,Peureuse,1
9,20,Peureuse,1
10,20,Peureuse,1
11,20,Peureuse,1
12,20,Peureuse,1
1,20,Gregaire,1
2,20,Gregaire,1
3,20,Peureuse,1
4,20,Peureuse,1
3,21,Peureuse,1
4,21,Peureuse,1
5,21,Peureuse,1
6,21,Peureuse,1
7,21,Peureuse,1
8,21,Peureuse,1
9,21,Peureuse,1
10,21,Peureuse,1
11,21,Peureuse,1
12,21,Peureuse,1
1,21,Gregaire,1
2,21,Gregaire,1
3,21,Peureuse,1
4,21,Peureuse,1
3,22,Peureuse,1
4,22,Peureuse,1
5,22,Peureuse,1
6,22,Peureuse,1
7,22,Peureuse,1
8,22,Peureuse,1
9,22,Peureuse,1
10,22,Peureuse,1
11,22,Peureuse,1
12,22,Peureuse,1
1,22,Gregaire,1
2,22,Kamikaze,1
3,22,Peureuse,1
4,22,Peureuse,1
3,23,Peureuse,1
4,23,Peureuse,1
5,23,Peureuse,1
6,23,Peureuse,1
7,23,Peureuse,1
8,23,Peureuse,1
9,23,Peureuse,1
10,23,Peureuse,1
11,23,Peureuse,1
12,23,Peureuse,1
1,23,Gregaire,1
2,23,Kamikaze,1
3,23,Peureuse,1
4,23,Peureuse,1
3,24,Peureuse,1
4,24,Peureuse,1
5,24,Peureuse,1
6,24,Peureuse,1
7,24,Peureuse,1
8,24,Peureuse,1
9,24,Peureuse,1
10,24,Peureuse,1
11,24,Peureuse,1
12,24,Peureuse,1
1,24,Gregaire,1
2,24,Kamikaze,1
3,24,Peureuse,1
4,24,Peureuse,1
3,25,Peureuse,1
4,25,Peureuse,1
5,25,Peureuse,1
6,25,Peureuse,1
7,25,Peureuse,1
8,25,Peureuse,1
9,25,Peureuse,1
10,25,Peureuse,1
11,25,Peureuse,1
12,25,Peureuse,1
1,25,Gregaire,1
2,25,Kamikaze,1
3,25,Peureuse,1
4,25,Peureuse,1
3,26,Peureuse,1
4,26,Peureuse,1
5,26,Peureuse,1
6,26,Peureuse,1
7,26,Peureuse,1
8,26,Peureuse,1
9,26,Peureuse,1
10,26,Peureuse,1
11,26,Peureuse,1
12,26,Peureuse,1
1,26,Gregaire,1
2,26,Kamikaze,1
3,26,Peureuse,1
4,26,Peureuse,1
3,27,Peureuse,1
4,27,Peureuse,1
5,27,Peureuse,1
6,27,Peureuse,1
7,27,Peureuse,1
8,27,Peureuse,1
9,27,Peureuse,1
10,27,Peureuse,1
11,27,Peureuse,1
12,27,Peureuse,1
1,27,Gregaire,1
2,27,Kamikaze,1
3,27,Peureuse,1
4,27,Peureuse,1
3,28,Peureuse,1
4,28,Peureuse,1
5,28,Peureuse,1
6,28,Peureuse,1
7,28,Peureuse,1
8,28,Peureuse,1
9,28,Peureuse,1
10,28,Peureuse,1
11,28,Peureuse,1
12,28,Peureuse,1
1,28,Gregaire,1
2,28,Kamikaze,1
3,28,Peureuse,1
4,28,Peureuse,1
3,29,Peureuse,1
4,29,Peureuse,1
5,29,Peureuse,1
6,29,Peureuse,1
7,29,Peureuse,1
8,29,Peureuse,1
9,29,Peureuse,1
10,29,Peureuse,1
11,29,Peureuse,1
12,29,Peureuse,1
1,29,Gregaire,1
2,29,Kamikaze,1
3,29,Peureuse,1
4,29,Peureuse,1
3,30,Peureuse,1
4,30,Peureuse,1
5,30,Peureuse,1
6,30,Peureuse,1
7,30,Peureuse,1
8,30,Peureuse,1
9,30,Peureuse,1
10,30,Peureuse,1
11,30,Peureuse,1
12,30,Peureuse,1
1,30,Gregaire,1
2,30,Kamikaze,1
3,30,Peureuse,1
4,30,Peureuse,1
3,31,Peureuse,1
4,31,Peureuse,1
5,31,Peureuse,1
6,31,Peureuse,1
7,31,Peureuse,1
8,31,Peureuse,1
9,31,Peureuse,1
10,31,Peureuse,1
11,31,Peureuse,1
12,31,Peureuse,1
1,31,Gregaire,1
2,31,Kamikaze,1
3,31,Peureuse,1
4,31,Peureuse,1
3,32,Peureuse,1
4,32,Peureuse,1
5,32,Peureuse,1
6,32,Peureuse,1
7,32,Peureuse,1
8,32,Peureuse,1
9,32,Peureuse,1
10,32,Peureuse,1
11,32,Peureuse,1
12,32,Peureuse,1
1,32,Gregaire,1
2,32,Kamikaze,1
3,32,Gregaire,1
4,32,Peureuse,1
3,33,Peureuse,1
4,33,Peureuse,1
5,33,Peureuse,1
6,33,Peureuse,1
7,33,Peureuse,1
8,33,Peureuse,1
9,33,Peureuse,1
10,33,Peureuse,1
11,33,Peureuse,1
12,33,Peureuse,1
1,33,Gregaire,1
2,33,Kamikaze,1
3,33,Gregaire,1
4,33,Peureuse,1
3,34,Peureuse,1
4,34,Peureuse,1
5,34,Peureuse,1
6,34,Peureuse,1
7,34,Peureuse,1
8,34,Peureuse,1
9,34,Peureuse,1
10,34,Peureuse,1
11,34,Peureuse,1
12,34,Peureuse,1
1,34,Gregaire,1
2,34,Kamikaze,1
3,34,Gregaire,1
4,34,Peureuse,1
3,35,Peureuse,1
4,35,Peureuse,1
5,35,Peureuse,1
6,35,Peureuse,1
7,35,Peureuse,1
8,35,Peureuse,1
9,35,Peureuse,1
10,35,Peureuse,1
11,35,Peureuse,1
12,35,Peureuse,1
1,35,Gregaire,1
2,35,Kamikaze,1
3,35,Gregaire,1
4,35,Peureuse,1
3,36,Peureuse,1
4,36,Peureuse,1
5,36,Peureuse,1
6,36,Peureuse,1
7,36,Peureuse,1
8,36,Peureuse,1
9,36,Peureuse,1
10,36,Peureuse,1
11,36,Peureuse,1
12,36,Peureuse,1
1,36,Gregaire,1
2,36,Kamikaze,1
3,36,Gregaire,1
4,36,Peureuse,1
5,36,Kamikaze,1
3,37,Peureuse,1
4,37,Peureuse,1
5,37,Peureuse,1
6,37,Peureuse,1
7,37,Peureuse,1
8,37,Peureuse,1
9,37,Peureuse,1
10,37,Peureuse,1
11,37,Peureuse,1
12,37,Peureuse,1
1,37,Gregaire,1
2,37,Kamikaze,1
3,37,Gregaire,1
4,37,Peureuse,1
5,37,Kamikaze,1
6,37,Gregaire,1
3,38,Peureuse,1
4,38,Peureuse,1
5,38,Peureuse,1
6,38,Peureuse,1
7,38,Peureuse,1
8,38,Peureuse,1
9,38,Peureuse,1
10,38,Peureuse,1
11,38,Peureuse,1
12,38,Peureuse,1
1,38,Gregaire,1
2,38,Kamikaze,1
3,38,Gregaire,1
4,38,Peureuse,1
5,38,Kamikaze,1
6,38,Gregaire,1
3,39,Peureuse,1
4,39,Peureuse,1
5,39,Peureuse,1
6,39,Peureuse,1
7,39,Peureuse,1
8,39,Peureuse,1
9,39,Peureuse,1
10,39,Peureuse,1
11,39,Peureuse,1
12,39,Peureuse,1
1,39,Gregaire,1
2,39,Kamikaze,1
3,39,Gregaire,1
4,39,Peureuse,1
5,39,Peureuse,1
6,39,Gregaire,1
3,40,Peureuse,1
4,40,Peureuse,1
5,40,Peureuse,1
6,40,Peureuse,1
7,40,Peureuse,1
8,40,Peureuse,1
9,40,Peureuse,1
10,40,Peureuse,1
11,40,Peureuse,1
12,40,Peureuse,1
1,40,Gregaire,1
2,40,Kamikaze,1
3,40,Gregaire,1
4,40,Peureuse,1
5,40,Peureuse,1
6,40,Gregaire,1
7,40,Peureuse,1
3,41,Peureuse,1
4,41,Peureuse,1
5,41,Peureuse,1
6,41,Peureuse,1
7,41,Peureuse,1
8,41,Peureuse,1
9,41,Peureuse,1
10,41,Peureuse,1
11,41,Peureuse,1
12,41,Peureuse,1
1,41,Gregaire,1
2,41,Peureuse,1
3,41,Gregaire,1
4,41,Peureuse,1
5,41,Peureuse,1
6,41,Gregaire,1
7,41,Peureuse,1
3,42,Peureuse,1
4,42,Peureuse,1
5,42,Peureuse,1
6,42,Peureuse,1
7,42,Peureuse,1
8,42,Peureuse,1
9,42,Peureuse,1
10,42,Peureuse,1
11,42,Peureuse,1
12,42,Peureuse,1
1,42,Gregaire,1
2,42,Peureuse,1
3,42,Gregaire,1
4,42,Peureuse,1
5,42,Peureuse,1
6,42,Gregaire,1
7,42,Peureuse,1
3,43,Peureuse,1
4,43,Peureuse,1
5,43,Peureuse,1
6,43,Peureuse,1
7,43,Peureuse,1
8,43,Peureuse,1
9,43,Peureuse,1
10,43,Peureuse,1
11,43,Peureuse,1
12,43,Peureuse,1
1,43,Gregaire,1
2,43,Peureuse,1
3,43,Gregaire,1
4,43,Peureuse,1
5,43,Peureuse,1
6,43,Gregaire,1
7,43,Gregaire,1
3,44,Peureuse,1
4,44,Peureuse,1
5,44,Peureuse,1
6,44,Peureuse,1
7,44,Peureuse,1
8,44,Peureuse,1
9,44,Peureuse,1
10,44,Peureuse,1
11,44,Peureuse,1
12,44,Peureuse,1
1,44,Gregaire,1
2,44,Peureuse,1
3,44,Gregaire,1
4,44,Peureuse,1
5,44,Peureuse,1
6,44,Gregaire,1
7,44,Gregaire,1
3,45,Peureuse,1
4,45,Peureuse,1
5,45,Peureuse,1
6,45,Peureuse,1
7,45,Peureuse,1
8,45,Peureuse,1
9,45,Peureuse,1
10,45,Peureuse,1
11,45,Peureuse,1
12,45,Peureuse,1
1,45,Gregaire,1
2,45,Peureuse,1
3,45,Gregaire,1
4,45,Peureuse,1
5,45,Peureuse,1
6,45,Gregaire,1
7,45,Gregaire,1
3,46,Peureuse,1
4,46,Peureuse,1
5,46,Peureuse,1
6,46,Peureuse,1
7,46,Peureuse,1
8,46,Peureuse,1
9,46,Peureuse,1
10,46,Peureuse,1
11,46,Peureuse,1
12,46,Peureuse,1
1,46,Gregaire,1
2,46,Peureuse,1
3,46,Gregaire,1
4,46,Peureuse,1
5,46,Peureuse,1
6,46,Gregaire,1
7,46,Gregaire,1
3,47,Peureuse,1
4,47,Peureuse,1
5,47,Peureuse,1
6,47,Peureuse,1
7,47,Peureuse,1
8,47,Peureuse,1
9,47,Peureuse,1
10,47,Peureuse,1
11,47,Peureuse,1
12,47,Peureuse,1
1,47,Gregaire,1
2,47,Peureuse,1
3,47,Gregaire,1
4,47,Peureuse,1
5,47,Peureuse,1
6,47,Gregaire,1
7,47,Gregaire,1
3,48,Peureuse,1
4,48,Peureuse,1
5,48,Peureuse,1
6,48,Peureuse,1
7,48,Peureuse,1
8,48,Peureuse,1
9,48,Peureuse,1
10,48,Peureuse,1
11,48,Peureuse,1
12,48,Peureuse,1
1,48,Gregaire,1
2,48,Peureuse,1
3,48,Gregaire,1
4,48,Peureuse,1
5,48,Peureuse,1
6,48,Gregaire,1
7,48,Gregaire,1
8,48,Kamikaze,1
3,49,Peureuse,1
4,49,Peureuse,1
5,49,Peureuse,1
6,49,Peureuse,1
7,49,Peureuse,1
8,49,Peureuse,1
9,49,Peureuse,1
10,49,Peureuse,1
11,49,Peureuse,1
12,49,Peureuse,1
1,49,Gregaire,1
2,49,Peureuse,1
3,49,Gregaire,1
4,49,Peureuse,1
5,49,Peureuse,1
6,49,Gregaire,1
7,49,Gregaire,1
8,49,Kamikaze,1
3,50,Peureuse,1
4,50,Peureuse,1
5,50,Peureuse,1
6,50,Peureuse,1
7,50,Peureuse,1
8,50,Peureuse,1
9,50,Peureuse,1
10,50,Peureuse,1
11,50,Peureuse,1
12,50,Peureuse,1
1,50,Gregaire,1
2,50,Peureuse,1
3,50,Gregaire,1
4,50,Peureuse,1
5,50,Peureuse,1
6,50,Gregaire,1
7,50,Gregaire,1
8,50,Kamikaze,1
3,51,Peureuse,1
4,51,Peureuse,1
5,51,Peureuse,1
6,51,Peureuse,1
7,51,Peureuse,1
8,51,Peureuse,1
9,51,Peureuse,1
10,51,Peureuse,1
11,51,Peureuse,1
12,51,Peureuse,1
1,51,Gregaire,1
2,51,Peureuse,1
3,51,Gregaire,1
4,51,Peureuse,1
5,51,Peureuse,1
6,51,Gregaire,1
7,51,Gregaire,1
8,51,Kamikaze,1
3,52,Peureuse,1
4,52,Peureuse,1
5,52,Peureuse,1
6,52,Peureuse,1
7,52,Peureuse,1
8,52,Peureuse,1
9,52,Peureuse,1
10,52,Peureuse,1
11,52,Peureuse,1
12,52,Peureuse,1
1,52,Gregaire,1
2,52,Peureuse,1
3,52,Gregaire,1
4,52,Peureuse,1
5,52,Peureuse,1
6,52,Gregaire,1
7,52,Gregaire,1
8,52,Kamikaze,1
9,52,Gregaire,1
3,53,Peureuse,1
4,53,Peureuse,1
5,53,Peureuse,1
6,53,Peureuse,1
7,53,Peureuse,1
8,53,Peureuse,1
9,53,Peureuse,1
10,53,Peureuse,1
11,53,Peureuse,1
12,53,Peureuse,1
1,53,Gregaire,1
2,53,Peureuse,1
3,53,Gregaire,1
4,53,Peureuse,1
5,53,Peureuse,1
6,53,Gregaire,1
7,53,Gregaire,1
8,53,Kamikaze,1
9,53,Gregaire,1
3,54,Peureuse,1
4,54,Peureuse,1
5,54,Peureuse,1
6,54,Peureuse,1
7,54,Peureuse,1
8,54,Peureuse,1
9,54,Peureuse,1
10,54,Peureuse,1
11,54,Peureuse,1
12,54,Peureuse,1
1,54,Gregaire,1
2,54,Peureuse,1
3,54,Gregaire,1
4,54,Peureuse,1
5,54,Peureuse,1
6,54,Gregaire,1
7,54,Gregaire,1
8,54,Kamikaze,1
9,54,Gregaire,1
3,55,Peureuse,1
4,55,Peureuse,1
5,55,Peureuse,1
6,55,Peureuse,1
7,55,Peureuse,1
8,55,Peureuse,1
9,55,Peureuse,1
10,55,Peureuse,1
11,55,Peureuse,1
12,55,Peureuse,1
1,55,Gregaire,1
2,55,Peureuse,1
3,55,Gregaire,1
4,55,Peureuse,1
5,55,Peureuse,1
6,55,Gregaire,1
7,55,Gregaire,1
8,55,Kamikaze,1
9,55,Gregaire,1
3,56,Peureuse,1
4,56,Peureuse,1
5,56,Peureuse,1
6,56,Peureuse,1
7,56,Peureuse,1
8,56,Peureuse,1
9,56,Peureuse,1
10,56,Peureuse,1
11,56,Peureuse,1
12,56,Peureuse,1
1,56,Gregaire,1
2,56,Peureuse,1
3,56,Gregaire,1
4,56,Peureuse,1
5,56,Peureuse,1
6,56,Gregaire,1
7,56,Gregaire,1
8,56,Kamikaze,1
9,56,Gregaire,1
3,57,Peureuse,1
4,57,Peureuse,1
5,57,Peureuse,1
6,57,Peureuse,1
7,57,Peureuse,1
8,57,Peureuse,1
9,57,Peureuse,1
10,57,Peureuse,1
11,57,Peureuse,1
12,57,Peureuse,1
1,57,Gregaire,1
2,57,Peureuse,1
3,57,Gregaire,1
4,57,Peureuse,1
5,57,Peureuse,1
6,57,Gregaire,1
7,57,Gregaire,1
8,57,Kamikaze,1
9,57,Gregaire,1
3,58,Peureuse,1
4,58,Peureuse,1
5,58,Peureuse,1
6,58,Peureuse,1
7,58,Peureuse,1
8,58,Peureuse,1
9,58,Peureuse,1
10,58,Peureuse,1
11,58,Peureuse,1
12,58,Peureuse,1
1,58,Gregaire,1
2,58,Peureuse,1
3,58,Gregaire,1
4,58,Peureuse,1
5,58,Peureuse,1
6,58,Gregaire,1
7,58,Gregaire,1
8,58,Gregaire,1
9,58,Gregaire,1
3,59,Peureuse,1
4,59,Peureuse,1
5,59,Peureuse,1
6,59,Peureuse,1
7,59,Peureuse,1
8,59,Peureuse,1
9,59,Peureuse,1
10,59,Peureuse,1
11,59,Peureuse,1
12,59,Peureuse,1
1,59,Gregaire,1
2,59,Peureuse,1
3,59,Gregaire,1
4,59,Peureuse,1
5,59,Peureuse,1
6,59,Gregaire,1
7,59,Gregaire,1
8,59,Gregaire,1
9,59,Gregaire,1
3,60,Peureuse,1
4,60,Peureuse,1
5,60,Peureuse,1
6,60,Peureuse,1
7,60,Peureuse,1
8,60,Peureuse,1
9,60,Peureuse,1
10,60,Peureuse,1
11,60,Peureuse,1
12,60,Peureuse,1
1,60,Gregaire,1
2,60,Peureuse,1
3,60,Gregaire,1
4,60,Peureuse,1
5,60,Peureuse,1
6,60,Gregaire,1
7,60,Gregaire,1
8,60,Gregaire,1
9,60,Peureuse,1
3,61,Peureuse,1
4,61,Peureuse,1
5,61,Peureuse,1
6,61,Peureuse,1
7,61,Peureuse,1
8,61,Peureuse,1
9,61,Peureuse,1
10,61,Peureuse,1
11,61,Peureuse,1
12,61,Peureuse,1
1,61,Gregaire,1
2,61,Peureuse,1
3,61,Gregaire,1
4,61,Peureuse,1
5,61,Peureuse,1
6,61,Gregaire,1
7,61,Gregaire,1
8,61,Gregaire,1
9,61,Peureuse,1
10,61,Kamikaze,1
3,62,Peureuse,1
4,62,Peureuse,1
5,62,Peureuse,1
6,62,Peureuse,1
7,62,Peureuse,1
8,62,Peureuse,1
9,62,Peureuse,1
10,62,Peureuse,1
11,62,Peureuse,1
12,62,Peureuse,1
1,62,Gregaire,1
2,62,Peureuse,1
3,62,Gregaire,1
4,62,Peureuse,1
5,62,Peureuse,1
6,62,Gregaire,1
7,62,Gregaire,1
8,62,Gregaire,1
9,62,Peureuse,1
10,62,Kamikaze,1
3,63,Peureuse,1
4,63,Peureuse,1
5,63,Peureuse,1
6,63,Peureuse,1
7,63,Peureuse,1
8,63,Peureuse,1
9,63,Peureuse,1
10,63,Peureuse,1
11,63,Peureuse,1
12,63,Peureuse,1
1,63,Gregaire,1
2,63,Peureuse,1
3,63,Gregaire,1
4,63,Peureuse,1
5,63,Peureuse,1
6,63,Gregaire,1
7,63,Gregaire,1
8,63,Kamikaze,1
9,63,Peureuse,1
10,63,Kamikaze,1
3,64,Peureuse,1
4,64,Peureuse,1
5,64,Peureuse,1
6,64,Peureuse,1
7,64,Peureuse,1
8,64,Peureuse,1
9,64,Peureuse,1
10,64,Peureuse,1
11,64,Peureuse,1
12,64,Peureuse,1
1,64,Gregaire,1
2,64,Peureuse,1
3,64,Gregaire,1
4,64,Peureuse,1
5,64,Peureuse,1
6,64,Gregaire,1
7,64,Gregaire,1
8,64,Kamikaze,1
9,64,Peureuse,1
10,64,Kamikaze,1
3,65,Peureuse,1
4,65,Peureuse,1
5,65,Peureuse,1
6,65,Peureuse,1
7,65,Peureuse,1
8,65,Peureuse,1
9,65,Peureuse,1
10,65,Peureuse,1
11,65,Peureuse,1
12,65,Peureuse,1
1,65,Gregaire,1
2,65,Peureuse,1
3,65,Gregaire,1
4,65,Peureuse,1
5,65,Peureuse,1
6,65,Gregaire,1
7,65,Gregaire,1
8,65,Kamikaze,1
9,65,Peureuse,1
10,65,Kamikaze,1
3,66,Peureuse,1
4,66,Peureuse,1
5,66,Peureuse,1
6,66,Peureuse,1
7,66,Peureuse,1
8,66,Peureuse,1
9,66,Peureuse,1
10,66,Peureuse,1
11,66,Peureuse,1
12,66,Peureuse,1
1,66,Gregaire,1
2,66,Peureuse,1
3,66,Gregaire,1
4,66,Peureuse,1
5,66,Peureuse,1
6,66,Gregaire,1
7,66,Gregaire,1
8,66,Kamikaze,1
9,66,Peureuse,1
10,66,Kamikaze,1
3,67,Peureuse,1
4,67,Peureuse,1
5,67,Peureuse,1
6,67,Peureuse,1
7,67,Peureuse,1
8,67,Peureuse,1
9,67,Peureuse,1
10,67,Peureuse,1
11,67,Peureuse,1
12,67,Peureuse,1
1,67,Gregaire,1
2,67,Peureuse,1
3,67,Gregaire,1
4,67,Peureuse,1
5,67,Peureuse,1
6,67,Gregaire,1
7,67,Gregaire,1
8,67,Peureuse,1
9,67,Peureuse,1
10,67,Kamikaze,1
11,67,Gregaire,1
3,68,Peureuse,1
4,68,Peureuse,1
5,68,Peureuse,1
6,68,Peureuse,1
7,68,Peureuse,1
8,68,Peureuse,1
9,68,Peureuse,1
10,68,Peureuse,1
11,68,Peureuse,1
12,68,Peureuse,1
1,68,Gregaire,1
2,68,Peureuse,1
3,68,Gregaire,1
4,68,Gregaire,1
5,68,Peureuse,1
6,68,Gregaire,1
7,68,Gregaire,1
8,68,Peureuse,1
9,68,Peureuse,1
10,68,Kamikaze,1
11,68,Gregaire,1
3,69,Peureuse,1
4,69,Peureuse,1
5,69,Peureuse,1
6,69,Peureuse,1
7,69,Peureuse,1
8,69,Peureuse,1
9,69,Peureuse,1
10,69,Peureuse,1
11,69,Peureuse,1
12,69,Peureuse,1
1,69,Gregaire,1
2,69,Gregaire,1
3,69,Kamikaze,1
4,69,Gregaire,1
5,69,Peureuse,1
6,69,Gregaire,1
7,69,Gregaire,1
8,69,Peureuse,1
9,69,Peureuse,1
10,69,Kamikaze,1
11,69,Gregaire,1
3,70,Peureuse,1
4,70,Peureuse,1
5,70,Peureuse,1
6,70,Peureuse,1
7,70,Peureuse,1
8,70,Peureuse,1
9,70,Peureuse,1
10,70,Peureuse,1
11,70,Peureuse,1
12,70,Peureuse,1
1,70,Gregaire,1
2,70,Gregaire,1
3,70,Kamikaze,1
4,70,Kamikaze,1
5,70,Peureuse,1
6,70,Gregaire,1
7,70,Gregaire,1
8,70,Gregaire,1
9,70,Gregaire,1
10,70,Kamikaze,1
11,70,Gregaire,1
3,71,Peureuse,1
4,71,Peureuse,1
5,71,Peureuse,1
6,71,Peureuse,1
7,71,Peureuse,1
8,71,Peureuse,1
9,71,Peureuse,1
10,71,Peureuse,1
11,71,Peureuse,1
12,71,Peureuse,1
1,71,Gregaire,1
2,71,Gregaire,1
3,71,Kamikaze,1
4,71,Gregaire,1
5,71,Peureuse,1
6,71,Gregaire,1
7,71,Gregaire,1
8,71,Gregaire,1
9,71,Gregaire,1
10,71,Kamikaze,1
11,71,Gregaire,1
3,72,Peureuse,1
4,72,Peureuse,1
5,72,Peureuse,1
6,72,Peureuse,1
7,72,Peureuse,1
8,72,Peureuse,1
9,72,Peureuse,1
10,72,Peureuse,1
11,72,Peureuse,1
12,72,Peureuse,1
1,72,Gregaire,1
2,72,Gregaire,1
3,72,Kamikaze,1
4,72,Gregaire,1
5,72,Peureuse,1
6,72,Gregaire,1
7,72,Gregaire,1
8,72,Gregaire,1
9,72,Gregaire,1
10,72,Kamikaze,1
11,72,Gregaire,1
3,73,Peureuse,1
4,73,Peureuse,1
5,73,Peureuse,1
6,73,Peureuse,1
7,73,Peureuse,1
8,73,Peureuse,1
9,73,Peureuse,1
10,73,Peureuse,1
11,73,Peureuse,1
12,73,Peureuse,1
1,73,Gregaire,1
2,73,Gregaire,1
3,73,Kamikaze,1
4,73,Gregaire,1
5,73,Peureuse,1
6,73,Gregaire,1
7,73,Gregaire,1
8,73,Gregaire,1
9,73,Gregaire,1
10,73,Kamikaze,1
11,73,Peureuse,1
3,74,Peureuse,1
4,74,Peureuse,1
5,74,Peureuse,1
6,74,Peureuse,1
7,74,Peureuse,1
8,74,Peureuse,1
9,74,Peureuse,1
10,74,Peureuse,1
11,74,Peureuse,1
12,74,Peureuse,1
1,74,Gregaire,1
2,74,Gregaire,1
3,74,Kamikaze,1
4,74,Gregaire,1
5,74,Peureuse,1
6,74,Gregaire,1
7,74,Gregaire,1
8,74,Gregaire,1
9,74,Gregaire,1
10,74,Kamikaze,1
11,74,Peureuse,1
3,75,Peureuse,1
4,75,Peureuse,1
5,75,Peureuse,1
6,75,Peureuse,1
7,75,Peureuse,1
8,75,Peureuse,1
9,75,Peureuse,1
10,75,Peureuse,1
11,75,Peureuse,1
12,75,Peureuse,1
1,75,Gregaire,1
2,75,Gregaire,1
3,75,Kamikaze,1
4,75,Gregaire,1
5,75,Peureuse,1
6,75,Gregaire,1
7,75,Gregaire,1
8,75,Kamikaze,1
9,75,Gregaire,1
10,75,Kamikaze,1
11,75,Peureuse,1
3,76,Peureuse,1
4,76,Peureuse,1
5,76,Peureuse,1
6,76,Peureuse,1
7,76,Peureuse,1
8,76,Peureuse,1
9,76,Peureuse,1
10,76,Peureuse,1
11,76,Peureuse,1
12,76,Peureuse,1
1,76,Kamikaze,1
2,76,Gregaire,1
3,76,Kamikaze,1
4,76,Gregaire,1
5,76,Peureuse,1
6,76,Gregaire,1
7,76,Gregaire,1
8,76,Kamikaze,1
9,76,Gregaire,1
10,76,Kamikaze,1
11,76,Peureuse,1
12,76,Kamikaze,1
3,77,Peureuse,1
4,77,Peureuse,1
5,77,Peureuse,1
6,77,Peureuse,1
7,77,Peureuse,1
8,77,Peureuse,1
9,77,Peureuse,1
10,77,Peureuse,1
11,77,Peureuse,1
12,77,Peureuse,1
1,77,Kamikaze,1
2,77,Gregaire,1
3,77,Kamikaze,1
4,77,Gregaire,1
5,77,Peureuse,1
6,77,Gregaire,1
7,77,Gregaire,1
8,77,Kamikaze,1
9,77,Gregaire,1
10,77,Kamikaze,1
11,77,Peureuse,1
12,77,Kamikaze,1
3,78,Peureuse,1
4,78,Peureuse,1
5,78,Peureuse,1
6,78,Peureuse,1
7,78,Peureuse,1
8,78,Peureuse,1
9,78,Peureuse,1
10,78,Peureuse,1
11,78,Peureuse,1
12,78,Peureuse,1
1,78,Kamikaze,1
2,78,Gregaire,1
3,78,Kamikaze,1
4,78,Gregaire,1
5,78,Peureuse,1
6,78,Gregaire,1
7,78,Gregaire,1
8,78,Kamikaze,1
9,78,Gregaire,1
10,78,Peureuse,1
11,78,Gregaire,1
12,78,Kamikaze,1
13,78,Gregaire,1
3,79,Peureuse,1
4,79,Peureuse,1
5,79,Peureuse,1
6,79,Peureuse,1
7,79,Peureuse,1
8,79,Peureuse,1
9,79,Peureuse,1
10,79,Peureuse,1
11,79,Peureuse,1
12,79,Peureuse,1
1,79,Kamikaze,1
2,79,Gregaire,1
3,79,Gregaire,1
4,79,Gregaire,1
5,79,Peureuse,1
6,79,Gregaire,1
7,79,Gregaire,1
8,79,Kamikaze,1
9,79,Gregaire,1
10,79,Peureuse,1
11,79,Gregaire,1
12,79,Kamikaze,1
13,79,Gregaire,1
3,80,Peureuse,1
4,80,Peureuse,1
5,80,Peureuse,1
6,80,Peureuse,1
7,80,Peureuse,1
8,80,Peureuse,1
9,80,Peureuse,1
10,80,Peureuse,1
11,80,Peureuse,1
12,80,Peureuse,1
1,80,Kamikaze,1
2,80,Gregaire,1
3,80,Gregaire,1
4,80,Gregaire,1
5,80,Peureuse,1
6,80,Gregaire,1
7,80,Gregaire,1
8,80,Peureuse,1
9,80,Gregaire,1
10,80,Peureuse,1
11,80,Gregaire,1
12,80,Kamikaze,1
13,80,Gregaire,1
3,81,Peureuse,1
4,81,Peureuse,1
5,81,Peureuse,1
6,81,Peureuse,1
7,81,Peureuse,1
8,81,Peureuse,1
9,81,Peureuse,1
10,81,Peureuse,1
11,81,Peureuse,1
12,81,Peureuse,1
1,81,Kamikaze,1
2,81,Gregaire,1
3,81,Gregaire,1
4,81,Gregaire,1
5,81,Peureuse,1
6,81,Gregaire,1
7,81,Gregaire,1
8,81,Peureuse,1
9,81,Gregaire,1
10,81,Peureuse,1
11,81,Gregaire,1
12,81,Kamikaze,1
13,81,Gregaire,1
3,82,Peureuse,1
4,82,Peureuse,1
5,82,Peureuse,1
6,82,Peureuse,1
7,82,Peureuse,1
8,82,Peureuse,1
9,82,Peureuse,1
10,82,Peureuse,1
11,82,Peureuse,1
12,82,Peureuse,1
1,82,Kamikaze,1
2,82,Gregaire,1
3,82,Gregaire,1
4,82,Gregaire,1
5,82,Peureuse,1
6,82,Gregaire,1
7,82,Gregaire,1
8,82,Peureuse,1
9,82,Gregaire,1
10,82,Peureuse,1
11,82,Gregaire,1
12,82,Kamikaze,1
13,82,Gregaire,1
3,83,Peureuse,1
4,83,Peureuse,1
5,83,Peureuse,1
6,83,Peureuse,1
7,83,Peureuse,1
8,83,Peureuse,1
9,83,Peureuse,1
10,83,Peureuse,1
11,83,Peureuse,1
12,83,Peureuse,1
1,83,Kamikaze,1
2,83,Gregaire,1
3,83,Gregaire,1
4,83,Gregaire,1
5,83,Peureuse,1
6,83,Gregaire,1
7,83,Gregaire,1
8,83,Peureuse,1
9,83,Gregaire,1
10,83,Peureuse,1
11,83,Gregaire,1
12,83,Kamikaze,1
13,83,Gregaire,1
3,84,Peureuse,1
4,84,Peureuse,1
5,84,Peureuse,1
6,84,Peureuse,1
7,84,Peureuse,1
8,84,Peureuse,1
9,84,Peureuse,1
10,84,Peureuse,1
11,84,Peureuse,1
12,84,Peureuse,1
1,84,Kamikaze,1
2,84,Gregaire,1
3,84,Gregaire,1
4,84,Gregaire,1
5,84,Peureuse,1
6,84,Peureuse,1
7,84,Gregaire,1
8,84,Peureuse,1
9,84,Gregaire,1
10,84,Peureuse,1
11,84,Gregaire,1
12,84,Kamikaze,1
13,84,Gregaire,1
3,85,Peureuse,1
4,85,Peureuse,1
5,85,Peureuse,1
6,85,Peureuse,1
7,85,Peureuse,1
8,85,Peureuse,1
9,85,Peureuse,1
10,85,Peureuse,1
11,85,Peureuse,1
12,85,Peureuse,1
1,85,Kamikaze,1
2,85,Gregaire,1
3,85,Gregaire,1
4,85,Gregaire,1
5,85,Peureuse,1
6,85,Peureuse,1
7,85,Gregaire,1
8,85,Peureuse,1
9,85,Gregaire,1
10,85,Gregaire,1
11,85,Gregaire,1
12,85,Kamikaze,1
13,85,Gregaire,1
3,86,Peureuse,1
4,86,Peureuse,1
5,86,Peureuse,1
6,86,Peureuse,1
7,86,Peureuse,1
8,86,Peureuse,1
9,86,Peureuse,1
10,86,Peureuse,1
11,86,Peureuse,1
12,86,Peureuse,1
1,86,Kamikaze,1
2,86,Gregaire,1
3,86,Gregaire,1
4,86,Gregaire,1
5,86,Peureuse,1
6,86,Peureuse,1
7,86,Gregaire,1
8,86,Peureuse,1
9,86,Gregaire,1
10,86,Gregaire,1
11,86,Gregaire,1
12,86,Kamikaze,1
13,86,Gregaire,1
3,87,Peureuse,1
4,87,Peureuse,1
5,87,Peureuse,1
6,87,Peureuse,1
7,87,Peureuse,1
8,87,Peureuse,1
9,87,Peureuse,1
10,87,Peureuse,1
11,87,Peureuse,1
12,87,Peureuse,1
1,87,Kamikaze,1
2,87,Gregaire,1
3,87,Gregaire,1
4,87,Peureuse,1
5,87,Peureuse,1
6,87,Peureuse,1
7,87,Kamikaze,1
8,87,Peureuse,1
9,87,Gregaire,1
10,87,Gregaire,1
11,87,Gregaire,1
12,87,Kamikaze,1
13,87,Gregaire,1
3,88,Peureuse,1
4,88,Peureuse,1
5,88,Peureuse,1
6,88,Peureuse,1
7,88,Peureuse,1
8,88,Peureuse,1
9,88,Peureuse,1
10,88,Peureuse,1
11,88,Peureuse,1
12,88,Peureuse,1
1,88,Kamikaze,1
2,88,Gregaire,1
3,88,Gregaire,1
4,88,Peureuse,1
5,88,Peureuse,1
6,88,Peureuse,1
7,88,Kamikaze,1
8,88,Peureuse,1
9,88,Gregaire,1
10,88,Gregaire,1
11,88,Gregaire,1
12,88,Kamikaze,1
13,88,Gregaire,1
3,89,Peureuse,1
4,89,Peureuse,1
5,89,Peureuse,1
6,89,Peureuse,1
7,89,Peureuse,1
8,89,Peureuse,1
9,89,Peureuse,1
10,89,Peureuse,1
11,89,Peureuse,1
12,89,Peureuse,1
1,89,Kamikaze,1
2,89,Gregaire,1
3,89,Gregaire,1
4,89,Peureuse,1
5,89,Peureuse,1
6,89,Kamikaze,1
7,89,Kamikaze,1
8,89,Peureuse,1
9,89,Gregaire,1
10,89,Kamikaze,1
11,89,Gregaire,1
12,89,Gregaire,1
13,89,Gregaire,1
3,90,Peureuse,1
4,90,Peureuse,1
5,90,Peureuse,1
6,90,Peureuse,1
7,90,Peureuse,1
8,90,Peureuse,1
9,90,Peureuse,1
10,90,Peureuse,1
11,90,Peureuse,1
12,90,Peureuse,1
1,90,Kamikaze,1
2,90,Kamikaze,1
3,90,Gregaire,1
4,90,Peureuse,1
5,90,Peureuse,1
6,90,Kamikaze,1
7,90,Kamikaze,1
8,90,Peureuse,1
9,90,Gregaire,1
10,90,Kamikaze,1
11,90,Gregaire,1
12,90,Gregaire,1
13,90,Gregaire,1
3,91,Peureuse,1
4,91,Peureuse,1
5,91,Peureuse,1
6,91,Peureuse,1
7,91,Peureuse,1
8,91,Peureuse,1
9,91,Peureuse,1
10,91,Peureuse,1
11,91,Peureuse,1
12,91,Peureuse,1
1,91,Kamikaze,1
2,91,Kamikaze,1
3,91,Gregaire,1
4,91,Peureuse,1
5,91,Peureuse,1
6,91,Kamikaze,1
7,91,Kamikaze,1
8,91,Peureuse,1
9,91,Gregaire,1
10,91,Kamikaze,1
11,91,Gregaire,1
12,91,Gregaire,1
13,91,Gregaire,1
3,92,Peureuse,1
4,92,Peureuse,1
5,92,Peureuse,1
6,92,Peureuse,1
7,92,Peureuse,1
8,92,Peureuse,1
9,92,Peureuse,1
10,92,Peureuse,1
11,92,Peureuse,1
12,92,Peureuse,1
1,92,Kamikaze,1
2,92,Kamikaze,1
3,92,Gregaire,1
4,92,Peureuse,1
5,92,Peureuse,1
6,92,Kamikaze,1
7,92,Kamikaze,1
8,92,Peureuse,1
9,92,Gregaire,1
10,92,Kamikaze,1
11,92,Gregaire,1
12,92,Gregaire,1
13,92,Gregaire,1
3,93,Peureuse,1
4,93,Peureuse,1
5,93,Peureuse,1
6,93,Peureuse,1
7,93,Peureuse,1
8,93,Peureuse,1
9,93,Peureuse,1
10,93,Peureuse,1
11,93,Peureuse,1
12,93,Peureuse,1
1,93,Kamikaze,1
2,93,Kamikaze,1
3,93,Gregaire,1
4,93,Kamikaze,1
5,93,Peureuse,1
6,93,Kamikaze,1
7,93,Kamikaze,1
8,93,Peureuse,1
9,93,Gregaire,1
10,93,Kamikaze,1
11,93,Peureuse,1
12,93,Gregaire,1
13,93,Gregaire,1
3,94,Peureuse,1
4,94,Peureuse,1
5,94,Peureuse,1
6,94,Peureuse,1
7,94,Peureuse,1
8,94,Peureuse,1
9,94,Peureuse,1
10,94,Peureuse,1
11,94,Peureuse,1
12,94,Peureuse,1
1,94,Kamikaze,1
2,94,Kamikaze,1
3,94,Gregaire,1
4,94,Kamikaze,1
5,94,Peureuse,1
6,94,Kamikaze,1
7,94,Kamikaze,1
8,94,Peureuse,1
9,94,Gregaire,1
10,94,Kamikaze,1
11,94,Peureuse,1
12,94,Gregaire,1
13,94,Gregaire,1
3,95,Peureuse,1
4,95,Peureuse,1
5,95,Peureuse,1
6,95,Peureuse,1
7,95,Peureuse,1
8,95,Peureuse,1
9,95,Peureuse,1
10,95,Peureuse,1
11,95,Peureuse,1
12,95,Peureuse,1
1,95,Kamikaze,1
2,95,Kamikaze,1
3,95,Gregaire,1
4,95,Kamikaze,1
5,95,Peureuse,1
6,95,Kamikaze,1
7,95,Kamikaze,1
8,95,Peureuse,1
9,95,Gregaire,1
10,95,Peureuse,1
11,95,Peureuse,1
12,95,Gregaire,1
13,95,Gregaire,1
3,96,Peureuse,1
4,96,Peureuse,1
5,96,Peureuse,1
6,96,Peureuse,1
7,96,Peureuse,1
8,96,Peureuse,1
9,96,Peureuse,1
10,96,Peureuse,1
11,96,Peureuse,1
12,96,Peureuse,1
1,96,Kamikaze,1
2,96,Kamikaze,1
3,96,Gregaire,1
4,96,Kamikaze,1
5,96,Peureuse,1
6,96,Kamikaze,1
7,96,Kamikaze,1
8,96,Peureuse,1
9,96,Gregaire,1
10,96,Peureuse,1
11,96,Peureuse,1
12,96,Gregaire,1
13,96,Gregaire,1
3,97,Peureuse,1
4,97,Peureuse,1
5,97,Peureuse,1
6,97,Peureuse,1
7,97,Peureuse,1
8,97,Peureuse,1
9,97,Peureuse,1
10,97,Peureuse,1
11,97,Peureuse,1
12,97,Peureuse,1
1,97,Kamikaze,1
2,97,Kamikaze,1
3,97,Gregaire,1
4,97,Kamikaze,1
5,97,Peureuse,1
6,97,Kamikaze,1
7,97,Kamikaze,1
8,97,Peureuse,1
9,97,Gregaire,1
10,97,Peureuse,1
11,97,Peureuse,1
12,97,Gregaire,1
13,97,Gregaire,1
3,98,Peureuse,1
4,98,Peureuse,1
5,98,Peureuse,1
6,98,Peureuse,1
7,98,Peureuse,1
8,98,Peureuse,1
9,98,Peureuse,1
10,98,Peureuse,1
11,98,Peureuse,1
12,98,Peureuse,1
1,98,Gregaire,1
2,98,Kamikaze,1
3,98,Gregaire,1
4,98,Kamikaze,1
5,98,Peureuse,1
6,98,Kamikaze,1
7,98,Kamikaze,1
8,98,Peureuse,1
9,98,Gregaire,1
10,98,Peureuse,1
11,98,Peureuse,1
12,98,Gregaire,1
13,98,Gregaire,1
3,99,Peureuse,1
4,99,Peureuse,1
5,99,Peureuse,1
6,99,Peureuse,1
7,99,Peureuse,1
8,99,Peureuse,1
9,99,Peureuse,1
10,99,Peureuse,1
11,99,Peureuse,1
12,99,Peureuse,1
1,99,Gregaire,1
2,99,Kamikaze,1
3,99,Gregaire,1
4,99,Kamikaze,1
5,99,Peureuse,1
6,99,Kamikaze,1
7,99,Kamikaze,1
8,99,Peureuse,1
9,99,Gregaire,1
10,99,Peureuse,1
11,99,Peureuse,1
12,99,Gregaire,1
13,99,Gregaire,1
14,99,Gregaire,1
3,100,Peureuse,1
4,100,Peureuse,1
5,100,Peureuse,1
6,100,Peureuse,1
7,100,Peureuse,1
8,100,Peureuse,1
9,100,Peureuse,1
10,100,Peureuse,1
11,100,Peureuse,1
12,100,Peureuse,1
1,100,Gregaire,1
2,100,Kamikaze,1
3,100,Gregaire,1
4,100,Kamikaze,1
5,100,Peureuse,1
6,100,Kamikaze,1
7,100,Kamikaze,1
8,100,Peureuse,1
9,100,Gregaire,1
10,100,Peureuse,1
11,100,Peureuse,1
12,100,Gregaire,1
13,100,Gregaire,1
14,100,Peureuse,1
3,101,Peureuse,1
4,101,Peureuse,1
5,101,Peureuse,1
6,101,Peureuse,1
7,101,Peureuse,1
8,101,Peureuse,1
9,101,Peureuse,1
10,101,Peureuse,1
11,101,Peureuse,1
12,101,Peureuse,1
1,101,Gregaire,1
2,101,Kamikaze,1
3,101,Gregaire,1
4,101,Kamikaze,1
5,101,Peureuse,1
6,101,Kamikaze,1
7,101,Kamikaze,1
8,101,Peureuse,1
9,101,Gregaire,1
10,101,Peureuse,1
11,101,Peureuse,1
12,101,Gregaire,1
13,101,Gregaire,1
14,101,Peureuse,1
3,102,Peureuse,1
4,102,Peureuse,1
5,102,Peureuse,1
6,102,Peureuse,1
7,102,Peureuse,1
8,102,Peureuse,1
9,102,Peureuse,1
10,102,Peureuse,1
11,102,Peureuse,1
12,102,Peureuse,1
1,102,Gregaire,1
2,102,Kamikaze,1
3,102,Gregaire,1
4,102,Kamikaze,1
5,102,Peureuse,1
6,102,Kamikaze,1
7,102,Kamikaze,1
8,102,Peureuse,1
9,102,Gregaire,1
10,102,Peureuse,1
11,102,Peureuse,1
12,102,Gregaire,1
13,102,Gregaire,1
14,102,Peureuse,1
3,103,Peureuse,1
4,103,Peureuse,1
5,103,Peureuse,1
6,103,Peureuse,1
7,103,Peureuse,1
8,103,Peureuse,1
9,103,Peureuse,1
10,103,Peureuse,1
11,103,Peureuse,1
12,103,Peureuse,1
1,103,Gregaire,1
2,103,Kamikaze,1
3,103,Gregaire,1
4,103,Kamikaze,1
5,103,Peureuse,1
6,103,Peureuse,1
7,103,Kamikaze,1
8,103,Peureuse,1
9,103,Gregaire,1
10,103,Peureuse,1
11,103,Peureuse,1
12,103,Gregaire,1
13,103,Gregaire,1
14,103,Peureuse,1
3,104,Peureuse,1
4,104,Peureuse,1
5,104,Peureuse,1
6,104,Peureuse,1
7,104,Peureuse,1
8,104,Peureuse,1
9,104,Peureuse,1
10,104,Peureuse,1
11,104,Peureuse,1
12,104,Peureuse,1
1,104,Gregaire,1
2,104,Kamikaze,1
3,104,Gregaire,1
4,104,Kamikaze,1
5,104,Peureuse,1
6,104,Peureuse,1
7,104,Kamikaze,1
8,104,Peureuse,1
9,104,Gregaire,1
10,104,Gregaire,1
11,104,Peureuse,1
12,104,Gregaire,1
13,104,Gregaire,1
14,104,Peureuse,1
3,105,Peureuse,1
4,105,Peureuse,1
5,105,Peureuse,1
6,105,Peureuse,1
7,105,Peureuse,1
8,105,Peureuse,1
9,105,Peureuse,1
10,105,Peureuse,1
11,105,Peureuse,1
12,105,Peureuse,1
1,105,Gregaire,1
2,105,Kamikaze,1
3,105,Peureuse,1
4,105,Kamikaze,1
5,105,Peureuse,1
6,105,Peureuse,1
7,105,Kamikaze,1
8,105,Peureuse,1
9,105,Gregaire,1
10,105,Gregaire,1
11,105,Peureuse,1
12,105,Gregaire,1
13,105,Gregaire,1
14,105,Peureuse,1
3,106,Peureuse,1
4,106,Peureuse,1
5,106,Peureuse,1
6,106,Peureuse,1
7,106,Peureuse,1
8,106,Peureuse,1
9,106,Peureuse,1
10,106,Peureuse,1
11,106,Peureuse,1
12,106,Peureuse,1
1,106,Gregaire,1
2,106,Kamikaze,1
3,106,Peureuse,1
4,106,Kamikaze,1
5,106,Peureuse,1
6,106,Peureuse,1
7,106,Kamikaze,1
8,106,Peureuse,1
9,106,Gregaire,1
10,106,Gregaire,1
11,106,Peureuse,1
12,106,Gregaire,1
13,106,Gregaire,1
14,106,Peureuse,1
3,107,Peureuse,1
4,107,Peureuse,1
5,107,Peureuse,1
6,107,Peureuse,1
7,107,Peureuse,1
8,107,Peureuse,1
9,107,Peureuse,1
10,107,Peureuse,1
11,107,Peureuse,1
12,107,Peureuse,1
1,107,Gregaire,1
2,107,Kamikaze,1
3,107,Peureuse,1
4,107,Kamikaze,1
5,107,Peureuse,1
6,107,Peureuse,1
7,107,Kamikaze,1
8,107,Peureuse,1
9,107,Gregaire,1
10,107,Peureuse,1
11,107,Peureuse,1
12,107,Gregaire,1
13,107,Gregaire,1
14,107,Peureuse,1
3,108,Peureuse,1
4,108,Peureuse,1
5,108,Peureuse,1
6,108,Peureuse,1
7,108,Peureuse,1
8,108,Peureuse,1
9,108,Peureuse,1
10,108,Peureuse,1
11,108,Peureuse,1
12,108,Peureuse,1
1,108,Gregaire,1
2,108,Gregaire,1
3,108,Peureuse,1
4,108,Kamikaze,1
5,108,Peureuse,1
6,108,Peureuse,1
7,108,Kamikaze,1
8,108,Peureuse,1
9,108,Gregaire,1
10,108,Peureuse,1
11,108,Gregaire,1
12,108,Gregaire,1
13,108,Gregaire,1
14,108,Peureuse,1
15,108,Peureuse,1
3,109,Peureuse,1
4,109,Peureuse,1
5,109,Peureuse,1
6,109,Peureuse,1
7,109,Peureuse,1
8,109,Peureuse,1
9,109,Peureuse,1
10,109,Peureuse,1
11,109,Peureuse,1
12,109,Peureuse,1
1,109,Gregaire,1
2,109,Gregaire,1
3,109,Peureuse,1
4,109,Kamikaze,1
5,109,Peureuse,1
6,109,Peureuse,1
7,109,Kamikaze,1
8,109,Peureuse,1
9,109,Gregaire,1
10,109,Peureuse,1
11,109,Gregaire,1
12,109,Gregaire,1
13,109,Gregaire,1
14,109,Peureuse,1
15,109,Peureuse,1
3,110,Peureuse,1
4,110,Peureuse,1
5,110,Peureuse,1
6,110,Peureuse,1
7,110,Peureuse,1
8,110,Peureuse,1
9,110,Peureuse,1
10,110,Peureuse,1
11,110,Peureuse,1
12,110,Peureuse,1
1,110,Gregaire,1
2,110,Gregaire,1
3,110,Peureuse,1
4,110,Kamikaze,1
5,110,Peureuse,1
6,110,Peureuse,1
7,110,Kamikaze,1
8,110,Peureuse,1
9,110,Gregaire,1
10,110,Peureuse,1
11,110,Gregaire,1
12,110,Gregaire,1
13,110,Gregaire,1
14,110,Peureuse,1
15,110,Peureuse,1
3,111,Peureuse,1
4,111,Peureuse,1
5,111,Peureuse,1
6,111,Peureuse,1
7,111,Peureuse,1
8,111,Peureuse,1
9,111,Peureuse,1
10,111,Peureuse,1
11,111,Peureuse,1
12,111,Peureuse,1
1,111,Gregaire,1
2,111,Gregaire,1
3,111,Peureuse,1
4,111,Kamikaze,1
5,111,Peureuse,1
6,111,Peureuse,1
7,111,Kamikaze,1
8,111,Peureuse,1
9,111,Gregaire,1
10,111,Peureuse,1
11,111,Gregaire,1
12,111,Gregaire,1
13,111,Gregaire,1
14,111,Peureuse,1
15,111,Peureuse,1
3,112,Peureuse,1
4,112,Peureuse,1
5,112,Peureuse,1
6,112,Peureuse,1
7,112,Peureuse,1
8,112,Peureuse,1
9,112,Peureuse,1
10,112,Peureuse,1
11,112,Peureuse,1
12,112,Peureuse,1
1,112,Gregaire,1
2,112,Gregaire,1
3,112,Peureuse,1
4,112,Kamikaze,1
5,112,Peureuse,1
6,112,Gregaire,1
7,112,Kamikaze,1
8,112,Peureuse,1
9,112,Gregaire,1
10,112,Peureuse,1
11,112,Gregaire,1
12,112,Gregaire,1
13,112,Gregaire,1
14,112,Peureuse,1
15,112,Peureuse,1
3,113,Peureuse,1
4,113,Peureuse,1
5,113,Peureuse,1
6,113,Peureuse,1
7,113,Peureuse,1
8,113,Peureuse,1
9,113,Peureuse,1
10,113,Peureuse,1
11,113,Peureuse,1
12,113,Peureuse,1
1,113,Gregaire,1
2,113,Gregaire,1
3,113,Peureuse,1
4,113,Kamikaze,1
5,113,Peureuse,1
6,113,Gregaire,1
7,113,Kamikaze,1
8,113,Peureuse,1
9,113,Gregaire,1
10,113,Peureuse,1
11,113,Gregaire,1
12,113,Gregaire,1
13,113,Gregaire,1
14,113,Peureuse,1
15,113,Peureuse,1
3,114,Peureuse,1
4,114,Peureuse,1
5,114,Peureuse,1
6,114,Peureuse,1
7,114,Peureuse,1
8,114,Peureuse,1
9,114,Peureuse,1
10,114,Peureuse,1
11,114,Peureuse,1
12,114,Peureuse,1
1,114,Gregaire,1
2,114,Gregaire,1
3,114,Peureuse,1
4,114,Kamikaze,1
5,114,Peureuse,1
6,114,Kamikaze,1
7,114,Kamikaze,1
8,114,Peureuse,1
9,114,Gregaire,1
10,114,Peureuse,1
11,114,Gregaire,1
12,114,Gregaire,1
13,114,Gregaire,1
14,114,Peureuse,1
15,114,Peureuse,1
3,115,Peureuse,1
4,115,Peureuse,1
5,115,Peureuse,1
6,115,Peureuse,1
7,115,Peureuse,1
8,115,Peureuse,1
9,115,Peureuse,1
10,115,Peureuse,1
11,115,Peureuse,1
12,115,Peureuse,1
1,115,Gregaire,1
2,115,Gregaire,1
3,115,Peureuse,1
4,115,Kamikaze,1
5,115,Peureuse,1
6,115,Kamikaze,1
7,115,Kamikaze,1
8,115,Peureuse,1
9,115,Gregaire,1
10,115,Peureuse,1
11,115,Gregaire,1
12,115,Gregaire,1
13,115,Gregaire,1
14,115,Peureuse,1
15,115,Peureuse,1
16,115,Peureuse,1
3,116,Peureuse,1
4,116,Peureuse,1
5,116,Peureuse,1
6,116,Peureuse,1
7,116,Peureuse,1
8,116,Peureuse,1
9,116,Peureuse,1
10,116,Peureuse,1
11,116,Peureuse,1
12,116,Peureuse,1
1,116,Gregaire,1
2,116,Gregaire,1
3,116,Peureuse,1
4,116,Peureuse,1
5,116,Peureuse,1
6,116,Kamikaze,1
7,116,Kamikaze,1
8,116,Peureuse,1
9,116,Gregaire,1
10,116,Kamikaze,1
11,116,Gregaire,1
12,116,Gregaire,1
13,116,Gregaire,1
14,116,Peureuse,1
15,116,Peureuse,1
16,116,Peureuse,1
3,117,Peureuse,1
4,117,Peureuse,1
5,117,Peureuse,1
6,117,Peureuse,1
7,117,Peureuse,1
8,117,Peureuse,1
9,117,Peureuse,1
10,117,Peureuse,1
11,117,Peureuse,1
12,117,Peureuse,1
1,117,Gregaire,1
2,117,Gregaire,1
3,117,Peureuse,1
4,117,Peureuse,1
5,117,Peureuse,1
6,117,Kamikaze,1
7,117,Kamikaze,1
8,117,Peureuse,1
9,117,Gregaire,1
10,117,Kamikaze,1
11,117,Gregaire,1
12,117,Gregaire,1
13,117,Gregaire,1
14,117,Peureuse,1
15,117,Peureuse,1
16,117,Peureuse,1
3,118,Peureuse,1
4,118,Peureuse,1
5,118,Peureuse,1
6,118,Peureuse,1
7,118,Peureuse,1
8,118,Peureuse,1
9,118,Peureuse,1
10,118,Peureuse,1
11,118,Peureuse,1
12,118,Peureuse,1
1,118,Gregaire,1
2,118,Gregaire,1
3,118,Peureuse,1
4,118,Peureuse,1
5,118,Peureuse,1
6,118,Kamikaze,1
7,118,Kamikaze,1
8,118,Peureuse,1
9,118,Gregaire,1
10,118,Kamikaze,1
11,118,Gregaire,1
12,118,Gregaire,1
13,118,Gregaire,1
14,118,Peureuse,1
15,118,Peureuse,1
16,118,Peureuse,1
3,119,Peureuse,1
4,119,Peureuse,1
5,119,Peureuse,1
6,119,Peureuse,1
7,119,Peureuse,1
8,119,Peureuse,1
9,119,Peureuse,1
10,119,Peureuse,1
11,119,Peureuse,1
12,119,Peureuse,1
1,119,Gregaire,1
2,119,Gregaire,1
3,119,Peureuse,1
4,119,Peureuse,1
5,119,Peureuse,1
6,119,Kamikaze,1
7,119,Kamikaze,1
8,119,Peureuse,1
9,119,Gregaire,1
10,119,Kamikaze,1
11,119,Gregaire,1
12,119,Gregaire,1
13,119,Gregaire,1
14,119,Peureuse,1
15,119,Peureuse,1
16,119,Peureuse,1
3,120,Peureuse,1
4,120,Peureuse,1
5,120,Peureuse,1
6,120,Peureuse,1
7,120,Peureuse,1
8,120,Peureuse,1
9,120,Peureuse,1
10,120,Peureuse,1
11,120,Peureuse,1
12,120,Peureuse,1
1,120,Gregaire,1
2,120,Gregaire,1
3,120,Peureuse,1
4,120,Peureuse,1
5,120,Peureuse,1
6,120,Kamikaze,1
7,120,Kamikaze,1
8,120,Peureuse,1
9,120,Gregaire,1
10,120,Kamikaze,1
11,120,Gregaire,1
12,120,Gregaire,1
13,120,Gregaire,1
14,120,Peureuse,1
15,120,Peureuse,1
16,120,Gregaire,1
3,121,Peureuse,1
4,121,Peureuse,1
5,121,Peureuse,1
6,121,Peureuse,1
7,121,Peureuse,1
8,121,Peureuse,1
9,121,Peureuse,1
10,121,Peureuse,1
11,121,Peureuse,1
12,121,Peureuse,1
1,121,Gregaire,1
2,121,Gregaire,1
3,121,Peureuse,1
4,121,Peureuse,1
5,121,Gregaire,1
6,121,Kamikaze,1
7,121,Kamikaze,1
8,121,Peureuse,1
9,121,Gregaire,1
10,121,Kamikaze,1
11,121,Gregaire,1
12,121,Gregaire,1
13,121,Gregaire,1
14,121,Peureuse,1
15,121,Peureuse,1
16,121,Gregaire,1
3,122,Peureuse,1
4,122,Peureuse,1
5,122,Peureuse,1
6,122,Peureuse,1
7,122,Peureuse,1
8,122,Peureuse,1
9,122,Peureuse,1
10,122,Peureuse,1
11,122,Peureuse,1
12,122,Peureuse,1
1,122,Gregaire,1
2,122,Gregaire,1
3,122,Peureuse,1
4,122,Peureuse,1
5,122,Gregaire,1
6,122,Kamikaze,1
7,122,Kamikaze,1
8,122,Peureuse,1
9,122,Gregaire,1
10,122,Kamikaze,1
11,122,Gregaire,1
12,122,Gregaire,1
13,122,Gregaire,1
14,122,Peureuse,1
15,122,Peureuse,1
16,122,Gregaire,1
3,123,Peureuse,1
4,123,Peureuse,1
5,123,Peureuse,1
6,123,Peureuse,1
7,123,Peureuse,1
8,123,Peureuse,1
9,123,Peureuse,1
10,123,Peureuse,1
11,123,Peureuse,1
12,123,Peureuse,1
1,123,Gregaire,1
2,123,Gregaire,1
3,123,Peureuse,1
4,123,Peureuse,1
5,123,Kamikaze,1
6,123,Kamikaze,1
7,123,Kamikaze,1
8,123,Peureuse,1
9,123,Gregaire,1
10,123,Kamikaze,1
11,123,Gregaire,1
12,123,Gregaire,1
13,123,Gregaire,1
14,123,Peureuse,1
15,123,Peureuse,1
16,123,Gregaire,1
3,124,Peureuse,1
4,124,Peureuse,1
5,124,Peureuse,1
6,124,Peureuse,1
7,124,Peureuse,1
8,124,Peureuse,1
9,124,Peureuse,1
10,124,Peureuse,1
11,124,Peureuse,1
12,124,Peureuse,1
1,124,Gregaire,1
2,124,Gregaire,1
3,124,Peureuse,1
4,124,Peureuse,1
5,124,Kamikaze,1
6,124,Kamikaze,1
7,124,Kamikaze,1
8,124,Peureuse,1
9,124,Gregaire,1
10,124,Gregaire,1
11,124,Gregaire,1
12,124,Gregaire,1
13,124,Gregaire,1
14,124,Peureuse,1
15,124,Peureuse,1
16,124,Gregaire,1
3,125,Peureuse,1
4,125,Peureuse,1
5,125,Peureuse,1
6,125,Peureuse,1
7,125,Peureuse,1
8,125,Peureuse,1
9,125,Peureuse,1
10,125,Peureuse,1
11,125,Peureuse,1
12,125,Peureuse,1
1,125,Gregaire,1
2,125,Gregaire,1
3,125,Peureuse,1
4,125,Peureuse,1
5,125,Kamikaze,1
6,125,Kamikaze,1
7,125,Kamikaze,1
8,125,Peureuse,1
9,125,Gregaire,1
10,125,Gregaire,1
11,125,Kamikaze,1
12,125,Gregaire,1
13,125,Gregaire,1
14,125,Peureuse,1
15,125,Peureuse,1
16,125,Gregaire,1
3,126,Peureuse,1
4,126,Peureuse,1
5,126,Peureuse,1
6,126,Peureuse,1
7,126,Peureuse,1
8,126,Peureuse,1
9,126,Peureuse,1
10,126,Peureuse,1
11,126,Peureuse,1
12,126,Peureuse,1
1,126,Gregaire,1
2,126,Gregaire,1
3,126,Peureuse,1
4,126,Peureuse,1
5,126,Kamikaze,1
6,126,Kamikaze,1
7,126,Kamikaze,1
8,126,Peureuse,1
9,126,Gregaire,1
10,126,Gregaire,1
11,126,Kamikaze,1
12,126,Gregaire,1
13,126,Gregaire,1
14,126,Gregaire,1
15,126,Peureuse,1
16,126,Gregaire,1
3,127,Peureuse,1
4,127,Peureuse,1
5,127,Peureuse,1
6,127,Peureuse,1
7,127,Peureuse,1
8,127,Peureuse,1
9,127,Peureuse,1
10,127,Peureuse,1
11,127,Peureuse,1
12,127,Peureuse,1
1,127,Gregaire,1
2,127,Gregaire,1
3,127,Peureuse,1
4,127,Peureuse,1
5,127,Kamikaze,1
6,127,Kamikaze,1
7,127,Kamikaze,1
8,127,Peureuse,1
9,127,Gregaire,1
10,127,Gregaire,1
11,127,Kamikaze,1
12,127,Gregaire,1
13,127,Gregaire,1
14,127,Gregaire,1
15,127,Peureuse,1
16,127,Gregaire,1
17,127,Kamikaze,1
3,128,Peureuse,1
4,128,Peureuse,1
5,128,Peureuse,1
6,128,Peureuse,1
7,128,Peureuse,1
8,128,Peureuse,1
9,128,Peureuse,1
10,128,Peureuse,1
11,128,Peureuse,1
12,128,Peureuse,1
1,128,Gregaire,1
2,128,Gregaire,1
3,128,Peureuse,1
4,128,Peureuse,1
5,128,Kamikaze,1
6,128,Gregaire,1
7,128,Kamikaze,1
8,128,Peureuse,1
9,128,Gregaire,1
10,128,Gregaire,1
11,128,Kamikaze,1
12,128,Gregaire,1
13,128,Gregaire,1
14,128,Gregaire,1
15,128,Peureuse,1
16,128,Gregaire,1
17,128,Kamikaze,1
3,129,Peureuse,1
4,129,Peureuse,1
5,129,Peureuse,1
6,129,Peureuse,1
7,129,Peureuse,1
8,129,Peureuse,1
9,129,Peureuse,1
10,129,Peureuse,1
11,129,Peureuse,1
12,129,Peureuse,1
1,129,Gregaire,1
2,129,Gregaire,1
3,129,Kamikaze,1
4,129,Peureuse,1
5,129,Kamikaze,1
6,129,Peureuse,1
7,129,Kamikaze,1
8,129,Peureuse,1
9,129,Gregaire,1
10,129,Gregaire,1
11,129,Kamikaze,1
12,129,Gregaire,1
13,129,Gregaire,1
14,129,Gregaire,1
15,129,Peureuse,1
16,129,Gregaire,1
17,129,Kamikaze,1
3,130,Peureuse,1
4,130,Peureuse,1
5,130,Peureuse,1
6,130,Peureuse,1
7,130,Peureuse,1
8,130,Peureuse,1
9,130,Peureuse,1
10,130,Peureuse,1
11,130,Peureuse,1
12,130,Peureuse,1
1,130,Peureuse,1
2,130,Gregaire,1
3,130,Kamikaze,1
4,130,Peureuse,1
5,130,Kamikaze,1
6,130,Peureuse,1
7,130,Kamikaze,1
8,130,Peureuse,1
9,130,Gregaire,1
10,130,Gregaire,1
11,130,Kamikaze,1
12,130,Gregaire,1
13,130,Gregaire,1
14,130,Gregaire,1
15,130,Peureuse,1
16,130,Gregaire,1
17,130,Kamikaze,1
3,131,Peureuse,1
4,131,Peureuse,1
5,131,Peureuse,1
6,131,Peureuse,1
7,131,Peureuse,1
8,131,Peureuse,1
9,131,Peureuse,1
10,131,Peureuse,1
11,131,Peureuse,1
12,131,Peureuse,1
1,131,Peureuse,1
2,131,Gregaire,1
3,131,Kamikaze,1
4,131,Peureuse,1
5,131,Kamikaze,1
6,131,Peureuse,1
7,131,Kamikaze,1
8,131,Peureuse,1
9,131,Gregaire,1
10,131,Gregaire,1
11,131,Kamikaze,1
12,131,Gregaire,1
13,131,Gregaire,1
14,131,Gregaire,1
15,131,Peureuse,1
16,131,Gregaire,1
17,131,Kamikaze,1
3,132,Peureuse,1
4,132,Peureuse,1
5,132,Peureuse,1
6,132,Peureuse,1
7,132,Peureuse,1
8,132,Peureuse,1
9,132,Peureuse,1
10,132,Peureuse,1
11,132,Peureuse,1
12,132,Peureuse,1
1,132,Peureuse,1
2,132,Gregaire,1
3,132,Kamikaze,1
4,132,Peureuse,1
5,132,Kamikaze,1
6,132,Peureuse,1
7,132,Kamikaze,1
8,132,Peureuse,1
9,132,Gregaire,1
10,132,Gregaire,1
11,132,Kamikaze,1
12,132,Gregaire,1
13,132,Gregaire,1
14,132,Gregaire,1
15,132,Peureuse,1
16,132,Gregaire,1
17,132,Kamikaze,1
3,133,Peureuse,1
4,133,Peureuse,1
5,133,Peureuse,1
6,133,Peureuse,1
7,133,Peureuse,1
8,133,Peureuse,1
9,133,Peureuse,1
10,133,Peureuse,1
11,133,Peureuse,1
12,133,Peureuse,1
1,133,Peureuse,1
2,133,Gregaire,1
3,133,Kamikaze,1
4,133,Peureuse,1
5,133,Kamikaze,1
6,133,Peureuse,1
7,133,Kamikaze,1
8,133,Peureuse,1
9,133,Gregaire,1
10,133,Gregaire,1
11,133,Kamikaze,1
12,133,Gregaire,1
13,133,Gregaire,1
14,133,Gregaire,1
15,133,Peureuse,1
16,133,Gregaire,1
17,133,Kamikaze,1
3,134,Peureuse,1
4,134,Peureuse,1
5,134,Peureuse,1
6,134,Peureuse,1
7,134,Peureuse,1
8,134,Peureuse,1
9,134,Peureuse,1
10,134,Peureuse,1
11,134,Peureuse,1
12,134,Peureuse,1
1,134,Peureuse,1
2,134,Kamikaze,1
3,134,Kamikaze,1
4,134,Peureuse,1
5,134,Kamikaze,1
6,134,Peureuse,1
7,134,Kamikaze,1
8,134,Peureuse,1
9,134,Gregaire,1
10,134,Gregaire,1
11,134,Kamikaze,1
12,134,Gregaire,1
13,134,Gregaire,1
14,134,Gregaire,1
15,134,Peureuse,1
16,134,Gregaire,1
17,134,Kamikaze,1
3,135,Peureuse,1
4,135,Peureuse,1
5,135,Peureuse,1
6,135,Peureuse,1
7,135,Peureuse,1
8,135,Peureuse,1
9,135,Peureuse,1
10,135,Peureuse,1
11,135,Peureuse,1
12,135,Peureuse,1
1,135,Peureuse,1
2,135,Kamikaze,1
3,135,Kamikaze,1
4,135,Peureuse,1
5,135,Kamikaze,1
6,135,Peureuse,1
7,135,Kamikaze,1
8,135,Peureuse,1
9,135,Gregaire,1
10,135,Gregaire,1
11,135,Kamikaze,1
12,135,Gregaire,1
13,135,Gregaire,1
14,135,Gregaire,1
15,135,Peureuse,1
16,135,Gregaire,1
17,135,Kamikaze,1
3,136,Peureuse,1
4,136,Peureuse,1
5,136,Peureuse,1
6,136,Peureuse,1
7,136,Peureuse,1
8,136,Peureuse,1
9,136,Peureuse,1
10,136,Peureuse,1
11,136,Peureuse,1
12,136,Peureuse,1
1,136,Peureuse,1
2,136,Kamikaze,1
3,136,Gregaire,1
4,136,Peureuse,1
5,136,Kamikaze,1
6,136,Peureuse,1
7,136,Kamikaze,1
8,136,Peureuse,1
9,136,Peureuse,1
10,136,Gregaire,1
11,136,Kamikaze,1
12,136,Gregaire,1
13,136,Gregaire,1
14,136,Gregaire,1
15,136,Peureuse,1
16,136,Gregaire,1
17,136,Kamikaze,1
3,137,Peureuse,1
4,137,Peureuse,1
5,137,Peureuse,1
6,137,Peureuse,1
7,137,Peureuse,1
8,137,Peureuse,1
9,137,Peureuse,1
10,137,Peureuse,1
11,137,Peureuse,1
12,137,Peureuse,1
1,137,Peureuse,1
2,137,Kamikaze,1
3,137,Gregaire,1
4,137,Peureuse,1
5,137,Kamikaze,1
6,137,Peureuse,1
7,137,Kamikaze,1
3,138,Peureuse,1
4,138,Peureuse,1
5,138,Peureuse,1
6,138,Peureuse,1
7,138,Peureuse,1
8,138,Peureuse,1
9,138,Peureuse,1
10,138,Peureuse,1
11,138,Peureuse,1
12,138,Peureuse,1
1,138,Peureuse,1
2,138,Kamikaze,1
3,138,Gregaire,1
4,138,Peureuse,1
5,138,Kamikaze,1
6,138,Peureuse,1
7,138,Kamikaze,1
9,138,Peureuse,1
10,138,Gregaire,1
11,138,Peureuse,1
12,138,Gregaire,1
13,138,Kamikaze,1
14,138,Gregaire,1
15,138,Peureuse,1
16,138,Gregaire,1
17,138,Kamikaze,1
3,139,Peureuse,1
4,139,Peureuse,1
5,139,Peureuse,1
6,139,Peureuse,1
7,139,Peureuse,1
8,139,Peureuse,1
9,139,Peureuse,1
10,139,Peureuse,1
11,139,Peureuse,1
12,139,Peureuse,1
1,139,Peureuse,1
2,139,Kamikaze,1
3,139,Gregaire,1
4,139,Peureuse,1
5,139,Kamikaze,1
6,139,Peureuse,1
7,139,Kamikaze,1
9,139,Peureuse,1
10,139,Gregaire,1
11,139,Peureuse,1
12,139,Gregaire,1
13,139,Kamikaze,1
14,139,Gregaire,1
15,139,Peureuse,1
16,139,Gregaire,1
17,139,Kamikaze,1
3,140,Peureuse,1
4,140,Peureuse,1
5,140,Peureuse,1
6,140,Peureuse,1
7,140,Peureuse,1
8,140,Peureuse,1
9,140,Peureuse,1
10,140,Peureuse,1
11,140,Peureuse,1
12,140,Peureuse,1
1,140,Peureuse,1
2,140,Kamikaze,1
3,140,Gregaire,1
4,140,Peureuse,1
5,140,Kamikaze,1
6,140,Peureuse,1
7,140,Kamikaze,1
9,140,Peureuse,1
10,140,Gregaire,1
11,140,Peureuse,1
12,140,Gregaire,1
13,140,Kamikaze,1
14,140,Gregaire,1
15,140,Peureuse,1
16,140,Gregaire,1
17,140,Kamikaze,1
18,140,Gregaire,1
3,141,Peureuse,1
4,141,Peureuse,1
5,141,Peureuse,1
6,141,Peureuse,1
7,141,Peureuse,1
8,141,Peureuse,1
9,141,Peureuse,1
10,141,Peureuse,1
11,141,Peureuse,1
12,141,Peureuse,1
1,141,Peureuse,1
2,141,Kamikaze,1
3,141,Gregaire,1
4,141,Peureuse,1
5,141,Kamikaze,1
6,141,Peureuse,1
7,141,Kamikaze,1
9,141,Peureuse,1
10,141,Gregaire,1
11,141,Peureuse,1
12,141,Gregaire,1
13,141,Kamikaze,1
14,141,Gregaire,1
15,141,Peureuse,1
16,141,Gregaire,1
17,141,Kamikaze,1
18,141,Gregaire,1
3,142,Peureuse,1
4,142,Peureuse,1
5,142,Peureuse,1
6,142,Peureuse,1
7,142,Peureuse,1
8,142,Peureuse,1
9,142,Peureuse,1
10,142,Peureuse,1
11,142,Peureuse,1
12,142,Peureuse,1
1,142,Peureuse,1
2,142,Kamikaze,1
3,142,Gregaire,1
4,142,Peureuse,1
5,142,Peureuse,1
6,142,Peureuse,1
7,142,Kamikaze,1
9,142,Gregaire,1
10,142,Gregaire,1
11,142,Peureuse,1
12,142,Gregaire,1
13,142,Kamikaze,1
14,142,Gregaire,1
15,142,Peureuse,1
16,142,Gregaire,1
17,142,Kamikaze,1
18,142,Gregaire,1
3,143,Peureuse,1
4,143,Peureuse,1
5,143,Peureuse,1
6,143,Peureuse,1
7,143,Peureuse,1
8,143,Peureuse,1
9,143,Peureuse,1
10,143,Peureuse,1
11,143,Peureuse,1
12,143,Peureuse,1
1,143,Gregaire,1
2,143,Kamikaze,1
3,143,Gregaire,1
4,143,Peureuse,1
5,143,Peureuse,1
6,143,Peureuse,1
7,143,Kamikaze,1
9,143,Gregaire,1
10,143,Gregaire,1
11,143,Peureuse,1
12,143,Gregaire,1
13,143,Kamikaze,1
14,143,Gregaire,1
15,143,Peureuse,1
16,143,Gregaire,1
17,143,Kamikaze,1
18,143,Gregaire,1
3,144,Peureuse,1
4,144,Peureuse,1
5,144,Peureuse,1
6,144,Peureuse,1
7,144,Peureuse,1
8,144,Peureuse,1
9,144,Peureuse,1
10,144,Peureuse,1
11,144,Peureuse,1
12,144,Peureuse,1
1,144,Gregaire,1
2,144,Kamikaze,1
3,144,Gregaire,1
4,144,Peureuse,1
5,144,Peureuse,1
6,144,Peureuse,1
7,144,Kamikaze,1
9,144,Gregaire,1
10,144,Gregaire,1
11,144,Peureuse,1
12,144,Kamikaze,1
13,144,Kamikaze,1
14,144,Gregaire,1
15,144,Peureuse,1
16,144,Gregaire,1
17,144,Kamikaze,1
18,144,Gregaire,1
